Marca;Modelo
akt;ak
akt;125-sl
akt;125
akt;ak
akt;adventure
akt;dynamic
akt;jet-4
akt;ak
akt;110
akt;110-x
akt;125-sport
akt;ak
akt;evo
akt;flex-ultra
akt;tvs
akt;rtx
akt;tt
bajaj;motocarro
bajaj;discover
bajaj;platino
bajaj;boxer
bajaj;pulsar
honda;cb
honda;shadow
honda;xl
honda;xr
honda;xre
honda;super-sport
honda;cbr
honda;turismo
honda;elite
honda;space-an
honda;click
honda;dio
honda;navi
honda;wave
honda;c-100
honda;cb
honda;sport
honda;cbf
honda;e-storm
honda;tornado
honda;biz
honda;eco
honda;hero
kawasaki;vulcan
kawasaki;klx
kawasaki;er-6n
kawasaki;z
kawasaki;versys
kawasaki;ninja
ktm;enduro
ktm;adventure-s
ktm;lc
ktm;duke
kymco;agility
kymco;fly
kymco;rocket
kymco;twist
kymco;urban
kymco;spike
kymco;top-boy
piaggio;motocarro
piaggio;ape-501
piaggio;scooter
sachs;madass
suzuki;gz
suzuki;dr
suzuki;gsr
suzuki;gsx
suzuki;super-sport
suzuki;gs
suzuki;dr
suzuki;dl1000
suzuki;dl650
suzuki;gladius
suzuki;sport
suzuki;inazuma
suzuki;best
suzuki;lets
suzuki;burgman
suzuki;gs
suzuki;ax
suzuki;gn
suzuki;gz
suzuki;ts
suzuki;xf
suzuki;viva-r
suzuki;hayate
suzuki;lets
suzuki;best
suzuki;gixxer
suzuki;dr
suzuki;dl
suzuki;gsx
tvs;apache
tvs;sport
um;renegade
um;dsr-ii
um;powermax
um;commett
um;xtreet-ii
yamaha;xl
yamaha;pw
yamaha;xtz
yamaha;virago
yamaha;xt
yamaha;yz
yamaha;dt
yamaha;xt
yamaha;xtz
yamaha;r600
yamaha;fz
yamaha;yzf
yamaha;fazer
yamaha;mt07
yamaha;mt
yamaha;bws
yamaha;crypton
yamaha;fino
yamaha;yw-100
yamaha;nmax
yamaha;libero
yamaha;t115
yamaha;sz-r
yamaha;rx
yamaha;ybr
